"Variable","Estimate","IRR","CI_Lower","CI_Upper","p_Value"
"(Intercept)",-0.262494817462501,0.769130350405124,0.506316958041833,1.16836200431081,0.218491346205716
