"Variable","Estimate","IRR","CI_Lower","CI_Upper","p_Value"
"(Intercept)",0.497918633091131,1.64529324553196,1.02182899750831,2.6491613277701,0.0404761447954101
